{"cameraMode":{"drawMode":0,"name":"Shaded","section":"Shading Mode"},"sceneLighting":false,"audioPlay":false,"sceneViewState":{"showFog":true,"showMaterialUpdate":false,"showSkybox":true,"showFlares":true,"showImageEffects":true,"showParticleSystems":true},"in2DMode":false,"pivot":{"x":-324.98388671875,"y":68.43738555908203,"z":9.163915634155274},"rotation":{"x":0.38061803579330447,"y":0.4665965735912323,"z":-0.23252271115779878,"w":0.763774037361145},"size":4.666904449462891,"orthographic":false}