{"cameraMode":{"drawMode":0,"name":"Shaded","section":"Shading Mode"},"sceneLighting":false,"audioPlay":false,"sceneViewState":{"showFog":true,"showMaterialUpdate":false,"showSkybox":true,"showFlares":true,"showImageEffects":true,"showParticleSystems":true},"in2DMode":false,"pivot":{"x":0.13649988174438477,"y":1.3526897430419922,"z":1.7878358364105225},"rotation":{"x":-0.198835551738739,"y":0.5297108292579651,"z":-0.1293405145406723,"w":-0.814335286617279},"size":359.90069580078127,"orthographic":false}