{"cameraMode":{"drawMode":0,"name":"Shaded","section":"Shading Mode"},"sceneLighting":false,"audioPlay":false,"sceneViewState":{"showFog":true,"showMaterialUpdate":false,"showSkybox":true,"showFlares":true,"showImageEffects":true,"showParticleSystems":true},"in2DMode":false,"pivot":{"x":93.0205078125,"y":13.844278335571289,"z":30.900001525878908},"rotation":{"x":-0.13863788545131684,"y":0.8602457642555237,"z":-0.36977314949035647,"w":-0.32252857089042666},"size":72.25206756591797,"orthographic":false}