{"cameraMode":{"drawMode":0,"name":"Shaded","section":"Shading Mode"},"sceneLighting":false,"audioPlay":false,"sceneViewState":{"showFog":true,"showMaterialUpdate":false,"showSkybox":true,"showFlares":true,"showImageEffects":true,"showParticleSystems":true},"in2DMode":false,"pivot":{"x":0.5899999141693115,"y":0.9900000095367432,"z":-2.940000057220459},"rotation":{"x":-0.22086133062839509,"y":0.6673826575279236,"z":-0.21770079433918,"w":-0.6770724058151245},"size":2.8578836917877199,"orthographic":false}