{"cameraMode":{"drawMode":0,"name":"Shaded","section":"Shading Mode"},"sceneLighting":false,"audioPlay":false,"sceneViewState":{"showFog":true,"showMaterialUpdate":false,"showSkybox":true,"showFlares":true,"showImageEffects":true,"showParticleSystems":true},"in2DMode":false,"pivot":{"x":2.549537181854248,"y":4.095638275146484,"z":-2.2278175354003908},"rotation":{"x":-0.22951601445674897,"y":-0.6709368824958801,"z":0.23117336630821229,"w":-0.6661269068717957},"size":26.465351104736329,"orthographic":false}