{"cameraMode":{"drawMode":0,"name":"Shaded","section":"Shading Mode"},"sceneLighting":false,"audioPlay":false,"sceneViewState":{"showFog":true,"showMaterialUpdate":false,"showSkybox":true,"showFlares":true,"showImageEffects":true,"showParticleSystems":true},"in2DMode":false,"pivot":{"x":0.003677070140838623,"y":0.7879247069358826,"z":0.18635761737823487},"rotation":{"x":0.12914511561393739,"y":0.6064037084579468,"z":-0.10064492374658585,"w":0.7781174778938294},"size":4.733302593231201,"orthographic":false}