{"cameraMode":{"drawMode":0,"name":"Shaded","section":"Shading Mode"},"sceneLighting":false,"audioPlay":false,"sceneViewState":{"showFog":true,"showMaterialUpdate":false,"showSkybox":true,"showFlares":true,"showImageEffects":true,"showParticleSystems":true},"in2DMode":false,"pivot":{"x":35.73408126831055,"y":-40.22536849975586,"z":33.968082427978519},"rotation":{"x":-0.5353348255157471,"y":-0.12830737233161927,"z":0.08268047869205475,"w":-0.8307332992553711},"size":4.041658401489258,"orthographic":false}