{"cameraMode":{"drawMode":0,"name":"Shaded","section":"Shading Mode"},"sceneLighting":false,"audioPlay":false,"sceneViewState":{"showFog":true,"showMaterialUpdate":false,"showSkybox":true,"showFlares":true,"showImageEffects":true,"showParticleSystems":true},"in2DMode":false,"pivot":{"x":-62.04500961303711,"y":1.8534015417099,"z":57.67549133300781},"rotation":{"x":-0.16769030690193177,"y":0.4086204469203949,"z":-0.07665775716304779,"w":-0.8938864469528198},"size":7.045034885406494,"orthographic":false}