{"cameraMode":{"drawMode":0,"name":"Shaded","section":"Shading Mode"},"sceneLighting":false,"audioPlay":false,"sceneViewState":{"showFog":true,"showMaterialUpdate":false,"showSkybox":true,"showFlares":true,"showImageEffects":true,"showParticleSystems":true},"in2DMode":false,"pivot":{"x":332.1485595703125,"y":11.5,"z":177.39999389648438},"rotation":{"x":-0.28017833828926089,"y":0.05445707589387894,"z":-0.015922917053103448,"w":-0.9582698345184326},"size":62.7459831237793,"orthographic":false}