{"cameraMode":{"drawMode":0,"name":"Shaded","section":"Shading Mode"},"sceneLighting":false,"audioPlay":false,"sceneViewState":{"showFog":true,"showMaterialUpdate":true,"showSkybox":true,"showFlares":true,"showImageEffects":true,"showParticleSystems":true},"in2DMode":false,"pivot":{"x":0.16482257843017579,"y":3.837308645248413,"z":0.6055141687393189},"rotation":{"x":0.33299797773361208,"y":-0.3821569085121155,"z":0.14990651607513429,"w":0.8488795757293701},"size":21.219846725463868,"orthographic":false}