{"cameraMode":{"drawMode":0,"name":"Shaded","section":"Shading Mode"},"sceneLighting":true,"audioPlay":false,"sceneViewState":{"showFog":true,"showMaterialUpdate":true,"showSkybox":true,"showFlares":true,"showImageEffects":true,"showParticleSystems":true},"in2DMode":false,"pivot":{"x":-31.41256332397461,"y":-3.581573009490967,"z":9.049491882324219},"rotation":{"x":0.23459328711032868,"y":0.4763340651988983,"z":-0.13354378938674928,"w":0.8368022441864014},"size":21.2198486328125,"orthographic":false}